Charging_kW,C-rate,charging_time_min
150,2.59965338,57
100,1.733102253,60
50,0.866551127,87
22,0.381282496,180
11,0.190641248,330
7,0.121317158,640
3.6,0.062391681,960